symbol,name,weight
NVDA,NVIDIA CORP,8.631955
AAPL,APPLE INC,7.253703
MSFT,MICROSOFT CORP,5.822627
GOOGL,Alphabet Inc. (Combined),5.475903
AMZN,AMAZON.COM INC,3.684433
AVGO,BROADCOM INC,2.57518
META,META PLATFORMS INC CLASS A,2.442768
MU,MICRON TECHNOLOGY INC,1.79426
TSLA,TESLA INC,1.593798
AMD,ADVANCED MICRO DEVICES,1.539974
BRK.B,BERKSHIRE HATHAWAY INC CL B,1.402369
LLY,ELI LILLY + CO,1.365837
JPM,JPMORGAN CHASE + CO,1.312782
XOM,EXXONMOBIL HOLDINGS CORP,1.007026
V,VISA INC CLASS A SHARES,0.940853
JNJ,JOHNSON + JOHNSON,0.910249
INTC,INTEL CORP,0.862179
ABBV,ABBVIE INC,0.701371
WMT,WALMART INC,0.699306
MA,MASTERCARD INC   A,0.681814
CSCO,CISCO SYSTEMS INC,0.664109
PLTR,PALANTIR TECHNOLOGIES INC A,0.650793
LRCX,LAM RESEARCH CORP,0.646244
AMAT,APPLIED MATERIALS INC,0.643018
COST,COSTCO WHOLESALE CORP,0.611691
